source,target,weight1,weight2,weight3
0,17,0.11616389013957677,0.3380343763772587,0.06674272675413577
0,27,0.30676949443016277,0.827922077922078,0.7405940594059406
0,49,0.07447368421052632,0.04079782411604715,0.1038167938931298
0,63,0.3646408839779005,0.16303531179564237,0.18753142282554047
0,67,0.1704361873990307,0.15100560501153973,0.2540613718411552
0,161,0.2784328642069227,0.05160744500846024,0.2039406345957011
1,19,0.15701668302257113,0.15312616997379255,0.06392694063926942
1,46,0.07315829722151414,0.09565510272819129,0.0957630037891836
1,77,0.2962818003913894,0.21052631578947367,0.1598108747044917
1,109,0.26,0.3466796875,0.40950920245398775
2,44,0.16362775278238217,0.14493651285227624,0.2550375939849624
2,96,0.23060905778240498,0.04355461889708465,0.120415982484948
2,133,0.42352291551628934,0.394240317775571,0.11151079136690646
3,1,0.12382812500000002,0.31413427561837454,0.12418687167356594
3,64,0.17883895131086142,0.16462958343726614,0.13470191226096737
3,114,0.257985257985258,0.16909540830354686,0.0773273273273273
4,42,0.12535450935904707,0.08183041722745626,0.2154304882594111
4,45,0.0641750676174084,0.09929824561403508,0.18231566820276499
4,98,0.16584507042253524,0.11242192921582236,0.2595797280593325
4,133,0.4853672004417449,0.1320754716981132,0.3482014388489208
4,197,0.16830243547800802,0.10183823529411765,0.11056910569105692
5,26,0.28015844436442205,0.1891385767790262,0.28149143432986234
5,180,0.11807909604519773,0.24163801187871212,0.22759226713532515
5,196,0.07851239669421488,0.05719825496849248,0.23648435030034778
6,14,0.2540983606557377,0.14718853362734288,0.24035941594908272
6,32,0.1754171754171754,0.1452020202020202,0.17694524495677233
6,59,0.6529821843532145,0.27159394479073906,0.5160848733744011
6,102,0.049749325106054766,0.09933554817275748,0.0729662361205529
6,106,0.20328719723183392,0.0871473354231975,0.2562435853575094
6,114,0.204984204984205,0.15589771789936757,0.08108108108108106
7,95,0.47732696897374705,0.20279069767441862,0.46470227133210557
7,126,0.24715338245144006,0.5328376703841388,0.46388888888888885
7,129,0.28315946348733234,0.0955852571891454,0.06652227722772276
8,79,0.23160116064362962,0.22027570361861,0.26958871209846896
8,105,0.043256997455470736,0.08605341246290803,0.18529652910631317
8,111,0.3366336633663366,0.36454652532391046,0.36025369978858346
8,144,0.2883478260869565,0.07970183486238532,0.1459251101321586
9,125,0.20535944344241178,0.23206018518518517,0.1253717684740334
10,2,0.11046511627906976,0.1939120631341601,0.1991676575505351
10,22,0.1950657894736842,0.10840707964601771,0.12158522508657175
10,101,0.2795817281232801,0.20755968169761274,0.2076215505913272
11,142,0.10768367919237241,0.20264765784114055,0.09454774661203907
12,34,0.14387699066447007,0.09312022237665045,0.17973856209150324
12,85,0.37779118889559443,0.6431159420289855,0.162536023054755
12,135,1.0,1.0,1.0
14,32,0.07326007326007326,0.2563131313131313,0.19020172910662825
14,33,0.4355108877721943,0.7052132701421802,0.47175480769230765
14,136,0.03994051412789463,0.029285099052540915,0.04380012338062923
14,169,0.34904458598726124,0.23829201101928374,0.3783783783783784
15,28,0.27191679049034173,0.6595012897678418,0.4522727272727273
15,142,0.16432978126752665,0.16853360488798372,0.03403718878033407
16,54,0.35835509138381205,0.28352769679300294,0.5006906077348067
16,90,0.0815450643776824,0.06784301794949801,0.06989853438556932
16,120,0.19620034542314332,0.15797207935341662,0.24690945539592382
16,159,0.09350333940497875,0.18752531389226407,0.10606060606060606
17,1,0.11757812500000002,0.17597173144876324,0.35008870490833827
17,149,0.39243498817966904,0.19479429051217464,0.45714285714285713
18,27,0.6932305055698372,0.17207792207792208,0.2594059405940594
18,65,0.3489461358313817,0.31749241658240646,0.4750402576489533
18,177,0.1207249342297574,0.037037037037037035,0.10250226107928852
19,62,0.5257936507936508,0.5916083916083916,0.2874186550976139
19,178,0.42168674698795183,0.7084367245657568,0.2850877192982456
19,199,0.33984706881903143,0.37738619676945667,0.37113402061855666
20,21,0.36240601503759395,0.37489177489177494,0.10369068541300527
20,38,0.44556596971881757,0.26260504201680673,0.2229806598407281
20,57,0.070814572247237,0.06958250497017893,0.22807637906647807
20,119,0.4404404404404404,0.2714570858283433,0.1345679012345679
20,180,0.06327683615819209,0.2113160362613317,0.3308435852372584
21,57,0.09823986901350798,0.3682902584493042,0.1135077793493635
21,69,0.4080865068171133,0.16428084526244033,0.3809801633605601
21,83,0.17891816920943138,0.04641199571581578,0.27601367855398146
21,149,0.19976359338061467,0.24349286314021829,0.35294117647058826
21,168,0.15607156452226872,0.08061915511125443,0.2834998277643817
21,197,0.11668484187568158,0.19338235294117648,0.14579945799457997
22,97,1.0,1.0,1.0
23,160,0.18431502316346793,0.18171428571428572,0.19769357495881384
24,16,0.06850937808489634,0.09463129308543974,0.16095346197502838
24,107,1.0,1.0,1.0
24,112,0.05386081982840801,0.26058117498420713,0.20205353868720205
25,15,0.19747340425531915,0.051715804736587725,0.09051724137931033
25,92,0.4569190600522193,0.6349873843566022,0.7036328871892925
25,169,0.29171974522293,0.5819559228650137,0.1540540540540541
26,11,0.11430625449317038,0.1818181818181818,0.2680497925311203
26,45,0.20555692156380623,0.20456140350877192,0.1077188940092166
26,89,0.29157476841640934,0.2169491525423729,0.24369747899159663
26,98,0.1950704225352113,0.21929215822345596,0.40976514215080345
26,160,0.1601588352084712,0.09371428571428571,0.2413509060955519
26,190,0.13944603629417382,0.36008230452674894,0.14759797724399495
26,196,0.116917841516772,0.29132331555986424,0.2608283275371483
27,105,0.23155216284987276,0.2588196505110452,0.11970483738726426
27,142,0.09169938306225464,0.03182281059063136,0.1834226284273558
28,96,0.22462259239979174,0.05549701440112399,0.12999452654625068
28,163,0.14606265876375954,0.051381483276781395,0.25825663237682733
29,58,0.3561573837506387,0.18625954198473282,0.3260751224823081
29,106,0.24711649365628607,0.2090909090909091,0.21245295928840233
29,125,0.1852615305333677,0.240162037037037,0.17295813315030883
29,145,0.2529340348037232,0.4821133736929004,0.3973362930077691
30,42,0.11627906976744184,0.1808882907133244,0.10585165859112933
30,77,0.10371819960861056,0.16143724696356276,0.4141843971631205
30,91,0.19416996047430832,0.10376447876447877,0.33619679812573217
31,37,0.1559454191033139,0.0693732755222704,0.05761202337879209
31,114,0.06809406809406811,0.11135551278526257,0.05030030030030029
31,195,0.17345067840117345,0.25,0.12148876404494381
32,46,0.03594188121335712,0.2091613337824183,0.2704099207716156
32,84,0.24512298558100087,0.20298507462686569,0.385036496350365
32,88,0.6029309141660852,0.6137832017229002,0.542502387774594
32,140,0.08782104391052196,0.35188679245283017,0.34660134721371705
33,9,0.1962864721485411,0.1342234715390021,0.14239713774597496
33,49,0.0668421052631579,0.04502870957993351,0.03297709923664122
33,200,0.4574468085106383,0.6641622839969947,0.5658453695836874
34,72,0.5217391304347826,0.3818984547461369,0.08391070053887606
34,112,0.3274547187797903,0.15824384080859127,0.2354235423542354
34,133,0.09110988404196577,0.4736842105263157,0.5402877697841726
35,5,0.1710646041856233,0.2517862246356102,0.09530720851475569
35,47,0.08038768529076397,0.0910248249522597,0.3372681281618887
35,93,0.3753776435045318,0.8468899521531101,0.22752043596730248
35,102,0.18897030466640957,0.07275747508305648,0.05619759800589168
35,116,0.36669784845650144,0.37339295695919505,0.108300395256917
35,180,0.33220338983050846,0.2541419193497968,0.20826010544815465
35,196,0.21609139523578028,0.17159476490547743,0.17926019601644008
36,56,0.32459016393442625,0.0986127864897467,0.15492957746478875
36,163,0.314987298899238,0.1536597188560349,0.10232809962100706
36,178,0.5783132530120483,0.2915632754342432,0.7149122807017544
38,13,0.2733990147783251,0.09494640122511486,0.19441255262150786
38,64,0.0449438202247191,0.04739336492890995,0.17772778402699663
38,182,0.3128621089223639,0.13080444735120997,0.14729153986609858
39,23,0.27740058195926287,0.2065154159394997,0.2910398953564421
39,56,0.13697632058287795,0.17400482509047044,0.21126760563380284
39,77,0.1913894324853229,0.09817813765182187,0.10874704491725767
39,137,0.4083601286173633,0.39323308270676693,0.25377107364685003
39,158,0.4072164948453608,0.11934156378600824,0.43535108958837776
39,161,0.21795359452263213,0.3587140439932318,0.21392016376663253
40,26,0.30068419157364057,0.4110486891385768,0.28149143432986234
40,42,0.22291548496880317,0.17415881561238228,0.1680954155795751
40,136,0.17675801997025706,0.03359173126614987,0.15833847419288505
41,17,0.40522287257991896,0.0758043190832966,0.1100969766115231
41,75,0.18811881188118812,0.1981217812784005,0.3122003196590304
41,99,0.3955267804590936,0.16449275362318844,0.13133208255159476
41,172,0.36754043502509764,0.24617402710975075,0.17416666666666666
42,82,0.20335230866540163,0.27134430301148715,0.19333768778576094
42,87,0.09283980582524272,0.20383522727272724,0.38683127572016457
42,125,0.1842308683329039,0.09172453703703702,0.10226492793411118
42,151,0.38193018480492813,0.37412177985948475,0.32613768961493583
43,68,0.12702366127023662,0.595679012345679,0.30676552363299353
43,156,0.2476319350473613,0.1970746728252502,0.12983831455169034
44,43,0.2540983606557377,0.6343402225755167,0.3895348837209302
44,56,0.1981785063752277,0.2023522316043426,0.221283255086072
44,113,1.0,1.0,1.0
44,120,0.1696027633851468,0.07641440117560618,0.28499832943534914
45,16,0.09911154985192497,0.13306872780447043,0.02928490351872872
45,51,0.46770833333333334,0.5367647058823529,0.40735068912710565
45,58,0.21257026060296372,0.3908396946564886,0.35002721829069133
45,62,0.4742063492063492,0.4083916083916084,0.7125813449023861
45,122,0.23471615720524017,0.22017614091273022,0.045016077170418
45,161,0.12019779383796118,0.17385786802030456,0.17323439099283522
45,182,0.34762456546929316,0.31196860693263573,0.40900791235544737
46,24,0.3413848631239936,0.8314833501513622,0.7021097046413501
46,65,0.34348165495706473,0.1365015166835187,0.17176596886741816
46,105,0.13683912920554142,0.052423343224530176,0.22793112872369495
46,143,0.1568561872909699,0.3271670190274842,0.07190160832544938
46,168,0.23372668443090977,0.21509190583682683,0.20840509817430247
47,23,0.3268671193016489,0.4339732402559628,0.43623283191628515
47,90,0.08283261802575106,0.07773045330088225,0.07643742953776775
49,22,0.225,0.2765486725663717,0.16698730280877258
49,173,0.19065960519980743,0.04436363636363636,0.1449553001277139
50,16,0.03395853899308983,0.04303321495717568,0.04154370034052214
50,141,0.4745644599303136,0.4032846715328467,0.8065789473684211
50,163,0.24936494496189673,0.28162869607367913,0.44179750947482405
51,168,0.13285116102017508,0.20283779425991616,0.09335170513262145
52,9,0.054641909814323604,0.20625439212930427,0.2765652951699463
52,16,0.10681145113524186,0.13473992061834134,0.1975028376844495
52,162,0.20084566596194503,0.11219512195121951,0.30475763016157986
52,164,1.0,1.0,1.0
53,9,0.25676392572944295,0.3011243851018974,0.1670840787119857
53,106,0.09025374855824685,0.20940438871473355,0.0383167978104687
53,129,0.10531544957774466,0.13203726204941274,0.23174504950495048
53,132,0.32842509603072984,0.3899793388429752,0.23263888888888887
53,136,0.07244529424261739,0.1455641688199828,0.13715813283981082
53,143,0.08193979933110368,0.3810782241014799,0.31646168401135294
53,172,0.13385387618516453,0.2693484914735461,0.16541666666666668
53,187,0.49426605504587157,0.10064743967039436,0.48271752085816455
54,64,0.15293383270911362,0.21451733599401346,0.2438132733408324
54,83,0.1662043458159963,0.1670831845769368,0.07034684904738642
54,159,0.23011536126290225,0.265289590927501,0.5771349862258953
55,45,0.2089992623555446,0.1929824561403509,0.05875576036866359
55,67,0.2693861066235865,0.2215628090999011,0.36597472924187724
55,73,0.18119948957890258,0.2291040288634997,0.3946731234866828
56,4,0.20611439842209073,0.5209542230818827,0.3222222222222222
56,37,0.15545808966861602,0.15411903823413484,0.2488171444475369
56,66,0.24920886075949367,0.3929824561403508,0.15355086372360843
56,88,0.39706908583391487,0.3862167982770998,0.4574976122254059
56,129,0.20963735717834078,0.3361684892669097,0.1707920792079208
56,161,0.29212628375808286,0.34263959390862947,0.21647901740020467
56,200,0.5425531914893617,0.33583771600300527,0.43415463041631264
57,2,0.35206718346253224,0.1428034573468621,0.18014268727705113
57,8,0.3649388959123472,0.12345679012345678,0.1512844909609895
57,11,0.5348670021567218,0.14987714987714987,0.3103734439834025
57,122,0.08624454148471615,0.23819055244195358,0.3163183279742765
57,172,0.1634132738427217,0.29383471797114125,0.29625
57,183,0.21865536038764388,0.3588039867109635,0.27496217851739785
58,0,0.32442569151429906,0.3117998506348021,0.15570469798657716
58,74,0.0953307392996109,0.08726673984632272,0.17271557271557272
58,83,0.1488673139158576,0.1520885398072117,0.07914020517830973
58,125,0.03555784591600104,0.05266203703703703,0.0347746511095859
58,139,0.44031830238726793,0.26655490360435874,0.3263736263736264
58,156,0.25439783491204326,0.08968437259430331,0.12248897599216069
58,162,0.057505285412262165,0.221680216802168,0.23518850987432674
59,102,0.07134593135364442,0.19501661129568107,0.16451393609789258
59,173,0.16273471352912858,0.20678787878787877,0.08588761174968071
59,190,0.2110792741165234,0.15534979423868311,0.14538558786346398
59,197,0.2944383860414395,0.20220588235294118,0.18075880758807591
60,96,0.20978656949505464,0.1749209694415174,0.07881773399014778
60,174,0.24880382775119617,0.3952483801295896,0.38353765323993
61,9,0.25411140583554376,0.05692199578355587,0.1359570661896243
61,67,0.2903877221324717,0.26871084734586215,0.09386281588447652
61,74,0.19260700389105062,0.1407793633369923,0.23114543114543115
61,103,0.2353257942918686,0.3908450704225352,0.2960704607046071
61,156,0.07848443843031122,0.23056197074672827,0.3797158255756981
62,72,0.11134676564156946,0.29065489330389993,0.3548883756735951
62,179,0.1628630705394191,0.4705501618122977,0.1526946107784431
63,1,0.28789062500000007,0.14840989399293286,0.12950916617386163
63,48,0.39127972819932044,0.3757225433526012,0.7014563106796117
63,49,0.15789473684210525,0.213961922030825,0.07633587786259544
63,52,0.8493353028064993,0.5626373626373626,0.4947958366693354
63,136,0.13490545995326111,0.08699397071490095,0.1303721982315443
63,191,0.20065520065520065,0.291219512195122,0.30338789493719076
63,194,0.28652968036529686,0.38478549314462623,0.35427394438722964
65,19,0.0775269872423945,0.2489704230625234,0.3219178082191781
65,23,0.3957322987390883,0.35951134380453753,0.2727272727272727
65,119,0.37837837837837834,0.3083832335329341,0.6061728395061728
65,125,0.08966761144035042,0.07899305555555555,0.18554106611759322
65,147,0.3777251184834123,0.4099099099099099,0.3938634940513463
65,172,0.3351924149470162,0.19064276344556189,0.3641666666666667
66,55,0.555155010814708,0.5130759651307597,0.6138211382113822
66,160,0.16313699536730644,0.09638095238095239,0.14634816035145526
67,10,0.36554621848739494,0.5099337748344371,0.4636103151862464
67,121,0.22580645161290322,0.3497179693795326,0.3560876209882832
68,16,0.15992102665350444,0.051180279924796325,0.0960272417707151
68,17,0.19810895992796038,0.10885852798589686,0.19509412435824303
68,77,0.18747553816046963,0.3360323886639676,0.2122931442080378
68,117,0.7130434782608696,0.2898089171974522,0.426984126984127
68,124,0.5564409030544489,0.4445754716981132,0.2787843366452367
68,125,0.027570213862406597,0.0775462962962963,0.14893617021276595
69,37,0.18299220272904487,0.0693732755222704,0.22070693014194268
69,42,0.08961996596710152,0.09851951547779275,0.06820723071188968
69,49,0.19894736842105265,0.1958295557570263,0.2442748091603054
69,72,0.3669141039236479,0.3274466519499632,0.5612009237875288
69,80,0.6295427901524032,0.4142692750287687,0.34869848156182215
69,83,0.1571890892279242,0.17707961442342018,0.21201758671226187
69,93,0.6246223564954683,0.15311004784688997,0.7724795640326975
69,102,0.1041264944080216,0.1883720930232558,0.1704056197598006
69,105,0.20893412496465932,0.2159577975601715,0.12298442197321671
69,126,0.29872739450770264,0.32713754646840154,0.45444444444444443
70,91,0.14328063241106717,0.2688223938223938,0.16907458024209293
70,123,0.07409381663113007,0.32449209932279904,0.4568169473112439
70,130,0.21621621621621623,0.30171543895055497,0.2964769647696477
70,158,0.29475164011246485,0.20576131687242802,0.39418886198547215
70,185,0.19196988707653703,0.24061990212071777,0.10555738243998686
71,60,0.5593770279039585,0.3005025125628141,0.09034792368125702
71,89,0.34627260696956325,0.21186440677966104,0.24747899159663866
71,192,1.0,1.0,1.0
72,34,0.09939593629873696,0.10701876302988185,0.11624649859943975
72,142,0.055243970835670224,0.040224032586558045,0.06681374093917428
72,153,0.21739130434782605,0.30479942693409745,0.3342728297632469
72,185,0.06618569636135509,0.07177814029363784,0.10555738243998686
72,191,0.12285012285012284,0.14487804878048782,0.3342215454891512
73,25,0.25247971145175835,0.2791779759596743,0.3384438482177079
73,64,0.2240948813982522,0.1780992766275879,0.1203599550056243
73,87,0.28822815533980584,0.3657670454545454,0.36259716506630085
73,195,0.05023835716905024,0.06525285481239805,0.12991573033707865
74,2,0.4689922480620154,0.3355881247651259,0.09274673008323425
74,46,0.1363752230435891,0.292017514314584,0.037891836031691356
74,176,0.6576139670223083,0.6726342710997443,0.3902053712480253
75,20,0.3404163052905464,0.24309764309764312,0.16832076220722508
75,109,0.355,0.4306640625,0.1656441717791411
75,120,0.15129533678756477,0.298677443056576,0.10257266956231206
75,122,0.300764192139738,0.13730984787830267,0.06069131832797427
75,125,0.13347075496006186,0.16550925925925922,0.06703271562571493
76,14,0.15105386416861827,0.3456449834619625,0.18120554099588168
76,114,0.16883116883116883,0.1756942535056365,0.0623123123123123
76,162,0.20084566596194503,0.22818428184281841,0.17728904847396768
76,165,0.1795081967213115,0.10078977059044755,0.2867198498357578
76,175,1.0,1.0,1.0
77,96,0.08146798542425819,0.2897787144362487,0.19677066228790366
77,124,0.24767596281540508,0.15330188679245282,0.40561075394506135
77,137,0.1720257234726688,0.5270676691729322,0.15705412599822538
78,16,0.021915103652517275,0.06810110716523919,0.17139614074914872
78,58,0.43127235564639754,0.42290076335877863,0.32389765922700053
79,64,0.13233458177278404,0.038912446994262904,0.05483689538807649
79,78,0.3119158878504673,0.3199393479909022,0.2970069071373753
79,94,0.11888111888111888,0.29086115992970124,0.8631346578366446
79,140,0.4722452361226181,0.29150943396226414,0.5437844458052664
79,145,0.35410764872521244,0.08915795266923501,0.11986681465038845
79,152,1.0,1.0,1.0
80,30,0.18611987381703468,0.16560170394036208,0.3431305536568695
80,84,0.25869380831212896,0.3291044776119403,0.22810218978102192
80,98,0.20774647887323947,0.18077723802914644,0.06551297898640296
80,103,0.41249326871297787,0.39225352112676054,0.6043360433604337
80,185,0.1333124215809285,0.08849918433931485,0.1269319302860901
80,189,0.24405286343612337,0.42079889807162535,0.3022041763341067
81,82,0.057242251739405434,0.08630859981372246,0.04800783801436969
81,146,0.2720588235294118,0.24594992636229748,0.16552962298025134
82,78,0.20852803738317757,0.4753601213040182,0.19953952417498083
82,79,0.12951727776312316,0.17805858701895463,0.14380066046232362
82,80,0.1875732708089097,0.476409666283084,0.24945770065075926
82,112,0.26120114394661587,0.13329121920404294,0.16978364503116977
83,63,0.2129196770080748,0.1517655897821187,0.07893413775766718
83,111,0.2894583576004659,0.2785630153121319,0.27864693446088795
84,74,0.14159100734976224,0.18605927552140505,0.2157014157014157
84,92,0.5430809399477806,0.3650126156433978,0.29636711281070743
84,186,0.0774278215223097,0.23893805309734514,0.08760429082240763
85,122,0.2762008733624454,0.2089671737389912,0.2660771704180064
85,153,0.20969603693728356,0.06590257879656161,0.13585118376550168
85,156,0.22462787550744248,0.2571208622016936,0.25624693777560015
86,25,0.11632100991884581,0.2838309422256689,0.14181678804139514
86,26,0.1890529348217501,0.35159176029962547,0.23983876385623115
86,63,0.21206969825754354,0.2836213373403456,0.38461538461538464
86,83,0.1356911696717522,0.11710103534451981,0.06839276990718125
86,120,0.261139896373057,0.27736958119030125,0.2345472769796191
86,140,0.43993371996686004,0.35660377358490564,0.10961420698101652
86,149,0.32269503546099293,0.19563392107472713,0.08403361344537816
86,161,0.0912894636744009,0.07318104906937394,0.1924257932446264
86,163,0.19517358171041493,0.2132816286960737,0.0925825663237683
87,132,0.22855313700384122,0.15392561983471073,0.3070436507936508
88,16,0.0313919052319842,0.08167954877794026,0.16254256526674235
88,37,0.162280701754386,0.2877414268821443,0.07236292791539103
88,186,0.3258967629046369,0.4717920353982301,0.3373063170441001
89,16,0.061994076999012826,0.08397743889701274,0.059477866061293995
89,104,0.4874464176362523,0.2069716775599129,0.1947565543071161
89,177,0.1400175387313651,0.11732900783995673,0.03346397347000302
89,190,0.3213944603629418,0.28395061728395066,0.23261694058154234
90,8,0.29245680573114197,0.49559082892416223,0.15080875356803042
90,177,0.2166033323589594,0.08461746417950797,0.08200180886343081
90,191,0.1515151515151515,0.25170731707317073,0.2097449562238295
91,34,0.47611202635914335,0.5441278665740097,0.13585434173669464
91,38,0.09516943042537852,0.3701680672268908,0.49715585893060293
91,67,0.07996768982229403,0.13583910319815362,0.08303249097472923
91,73,0.21352615908124203,0.33012627781118464,0.05907990314769976
91,134,0.6177215189873417,0.5283018867924528,0.4193979933110368
91,170,1.0,1.0,1.0
92,10,0.17016806722689076,0.2052980132450331,0.1776504297994269
92,91,0.21887351778656128,0.4165057915057915,0.2772354549004295
92,148,0.5501592356687898,0.2964641885766093,0.36125211505922167
92,157,0.3572101790763431,0.6210045662100457,0.2365415986949429
92,196,0.19907632474477394,0.09549200193892389,0.05311413215301929
93,6,1.0,1.0,1.0
93,89,0.07587119541243934,0.16483050847457628,0.2542016806722689
93,99,0.14714537963507948,0.4108695652173913,0.18667917448405252
94,39,0.41812865497076024,0.6299862448418156,0.621283255086072
94,180,0.10790960451977401,0.07814942169427946,0.07249560632688928
94,191,0.5249795249795249,0.31219512195121957,0.1526456033498287
95,80,0.18288393903868697,0.1093210586881473,0.4018438177874187
95,155,0.23654708520179374,0.3337091319052988,0.2410557184750733
95,169,0.3592356687898089,0.1797520661157025,0.4675675675675676
95,176,0.3423860329776915,0.3273657289002557,0.6097946287519748
96,173,0.12614347616754937,0.03345454545454546,0.16251596424010215
97,13,0.17456896551724135,0.10566615620214395,0.1488710294680444
97,47,0.4714937286202965,0.39338001273074474,0.21585160202360879
97,60,0.15120051914341337,0.05125628140703517,0.20482603815937148
97,61,0.2767686424474188,0.35708227311280744,0.20673742501153672
97,119,0.18118118118118115,0.42015968063872255,0.25925925925925924
97,193,1.0,1.0,1.0
98,39,0.5818713450292399,0.3700137551581843,0.378716744913928
98,75,0.16030174446016032,0.22871857013026356,0.2834310069259457
99,21,0.25012531328320803,0.21212121212121215,0.22144112478031636
99,77,0.2211350293542074,0.1938259109311741,0.10496453900709218
99,136,0.02868068833652008,0.11771461383864486,0.15689903351840426
99,185,0.20608531994981183,0.18515497553017946,0.27227885563959225
100,64,0.0655430711610487,0.13519580942878523,0.06130483689538808
100,120,0.22176165803108808,0.18956649522409993,0.13097226862679587
101,48,0.47678369195922987,0.4612716763005781,0.11731391585760517
101,53,0.05277570326114015,0.19827586206896552,0.11628883291351808
101,75,0.19613389910419612,0.19781884277491668,0.2381459776238679
101,76,1.0,1.0,1.0
101,129,0.20466964729259812,0.24665856622114218,0.21565594059405938
101,158,0.2980318650421743,0.6748971193415638,0.17046004842615012
101,167,0.8795811518324608,0.2193877551020408,0.5345957756737072
102,84,0.4961832061068703,0.467910447761194,0.38686131386861317
103,34,0.08896210873146623,0.16608756080611534,0.25583566760037346
103,90,0.1240343347639485,0.09978703985397018,0.14971815107102593
103,116,0.32881197380729654,0.20067076579094464,0.27588932806324107
104,45,0.04868453405458569,0.09052631578947368,0.12903225806451613
104,49,0.06947368421052633,0.11302508310667875,0.2287022900763359
104,160,0.28027796161482466,0.0838095238095238,0.06891817682591983
104,182,0.33951332560834296,0.5572269457161544,0.443700547778454
105,14,0.20374707259953165,0.1582138919514884,0.19730438038187945
105,17,0.20981539846915803,0.3490524460114588,0.24814603536794066
105,42,0.1020986954055587,0.15370121130551817,0.07417070443533359
105,96,0.17308693388859966,0.21215314365999297,0.24521072796934867
105,102,0.12842267643655997,0.06877076411960133,0.19827781554498072
105,186,0.20341207349081367,0.09457964601769914,0.3927294398092968
106,105,0.11789652247667515,0.18595450049455986,0.07242415960644984
106,187,0.2098623853211009,0.39434961742201297,0.21454112038140644
107,18,0.05953460259897251,0.26574307304785894,0.2766317213391951
107,21,0.3007518796992481,0.17922077922077925,0.5588752196836556
107,38,0.4592645998558039,0.36722689075630255,0.27986348122866894
107,183,0.161114476075106,0.19458946369245372,0.29689863842662634
108,102,0.2232934824527574,0.07209302325581396,0.20371629277135736
108,151,0.4158110882956879,0.3243559718969555,0.33430571761960326
108,171,0.5518367346938775,0.8108108108108109,0.628235294117647
109,42,0.17016449234259784,0.22503364737550474,0.19940365262765564
109,91,0.44367588932806323,0.2109073359073359,0.21749316673174543
109,185,0.14742785445420326,0.07911908646003263,0.15488326208484052
109,196,0.21098687408847838,0.14735821619001452,0.17198861840025295
110,66,0.3884493670886076,0.12105263157894737,0.2600767754318618
110,73,0.37813696299447047,0.06855081178592905,0.2837772397094431
110,146,0.09019607843137255,0.038659793814432984,0.3174147217235188
111,9,0.23819628647214855,0.30147575544624033,0.27799642218246867
112,26,0.23010442924018726,0.04822097378277153,0.19717836748404435
112,44,0.20861946483542507,0.12666460204397645,0.05112781954887219
112,65,0.3075722092115534,0.5460060667340748,0.35319377348362857
113,5,0.13421292083712466,0.147470705915976,0.21964199322689887
113,16,0.15301085883514312,0.18529350323793609,0.0315550510783201
113,143,0.26989966555183953,0.10042283298097253,0.1078524124881741
114,41,0.21369539551357733,0.684732824427481,0.25385802469135804
114,44,0.18280843002604785,0.06286776091669248,0.2487218045112782
114,57,0.30167826442898077,0.0989065606361829,0.18104667609618103
114,143,0.23612040133779263,0.056553911205074,0.11352885525070956
114,198,0.18926886792452832,0.23143236074270557,0.3313432835820896
115,22,0.2019736842105263,0.2645385587863464,0.1281262023855329
115,136,0.13299341406415977,0.22451909273614704,0.061073411474398515
115,138,0.36825885978428347,0.3081155433287483,0.39522342064714944
116,53,0.22205626089121233,0.2957271364317841,0.10117548278757348
116,117,0.28695652173913044,0.7101910828025478,0.573015873015873
116,142,0.09113853056646103,0.10641547861507128,0.03781909864481563
116,153,0.17045017314351674,0.16296561604584528,0.2807215332581736
116,167,0.12041884816753928,0.7806122448979592,0.4654042243262928
117,8,0.1285292878213232,0.15990593768371547,0.41674595623215976
117,19,0.36702649656526,0.30512916510670157,0.22054794520547946
117,28,0.2615156017830609,0.1461736887360275,0.16439393939393943
117,199,0.09345794392523364,0.1561429270680372,0.13530927835051546
118,69,0.1697226140103432,0.5719154737559645,0.2677946324387398
118,73,0.22713738834538497,0.37221888153938665,0.2624697336561744
118,128,0.36137820512820507,0.4337474120082816,0.3774774774774775
119,17,0.07068887888338586,0.128250330542089,0.37992013690815746
119,74,0.07868568958063123,0.2362788144895719,0.15933075933075933
119,160,0.08934480476505627,0.2636190476190476,0.12657880285557388
120,32,0.19291819291819293,0.16792929292929293,0.17146974063400575
120,79,0.13452914798206278,0.07668006892590466,0.06004202942059442
120,156,0.19485791610284167,0.22555812163202463,0.11170994610485055
121,0,0.21753398968588844,0.24495892457057508,0.13154362416107382
121,43,0.37540983606557377,0.26073131955484896,0.11212624584717609
121,184,1.0,1.0,1.0
122,1,0.1375,0.15477031802120142,0.17740981667652278
122,30,0.3080967402733964,0.30990415335463256,0.34381408065618596
122,53,0.15832710978342046,0.05284857571214392,0.29932829554995805
122,90,0.08011444921316166,0.06677821721934894,0.11048478015783539
122,104,0.4311083894672382,0.3474945533769064,0.3610486891385768
122,179,0.24896265560165975,0.19741100323624594,0.3555389221556886
123,2,0.06847545219638242,0.32769635475385195,0.5279429250891796
123,8,0.21407501053518752,0.2210464432686655,0.2811607992388201
123,132,0.3181818181818182,0.09090909090909091,0.06746031746031747
123,138,0.3335901386748844,0.3131591013296653,0.2103235747303544
124,13,0.09759852216748768,0.3078101071975498,0.2529659395331037
124,20,0.10320901994796183,0.2531986531986532,0.33822945613338623
124,68,0.8729763387297634,0.404320987654321,0.6932344763670065
124,90,0.05708154506437768,0.13446912077882567,0.104847801578354
124,112,0.06768350810295519,0.17214150347441565,0.0803080308030803
124,187,0.2958715596330275,0.5050029429075926,0.3027413587604291
125,18,0.21728618918102147,0.21998320738874894,0.22387554954345623
125,31,0.2869393139841689,0.14947089947089948,0.2914757103574702
125,34,0.1916529379461834,0.08964558721334259,0.31232492997198874
125,124,0.1958831341301461,0.40212264150943394,0.315604909409702
125,155,0.23150224215246637,0.32807215332581735,0.07214076246334311
126,30,0.3112513144058885,0.39190628328008514,0.22488038277511965
126,53,0.17575304953945728,0.07458770614692653,0.2485306465155332
126,74,0.1482922611327281,0.14407244785949505,0.06023166023166024
126,89,0.20114689016321127,0.27754237288135597,0.052521008403361345
126,105,0.07520497596833475,0.15628090999010882,0.10139382344902977
126,198,0.24056603773584906,0.21419098143236076,0.15522388059701495
127,79,0.20865207069374833,0.19615163699023552,0.2677874512158511
127,101,0.23059988992845346,0.28978779840848806,0.259526938239159
128,0,0.3928738865447726,0.27557879014189696,0.22214765100671138
128,22,0.12335526315789473,0.08912768647281921,0.29780684878799535
128,25,0.3174030658250676,0.1550988755331524,0.30203142966653884
128,31,0.41160949868073876,0.48677248677248675,0.39321723189734187
128,144,0.1930434782608696,0.31823394495412843,0.13766519823788545
128,173,0.13842079922965816,0.17042424242424242,0.2515964240102171
129,89,0.0851345390383767,0.1288135593220339,0.20210084033613446
129,98,0.22218309859154933,0.27585010409437893,0.1260815822002472
130,25,0.13074842200180342,0.17836370686312528,0.17401303181295513
130,61,0.2160611854684513,0.18490245971162,0.3281033687125058
130,67,0.1898222940226171,0.22288163534454333,0.20306859205776173
130,114,0.08775008775008776,0.21143799835028868,0.23986486486486483
131,15,0.08776595744680851,0.30304494925084585,0.06842672413793102
131,36,0.10196078431372549,0.23935309973045824,0.624493106244931
132,14,0.18774395003903202,0.1802646085997795,0.07974541370273305
133,7,0.13048498845265588,0.46511627906976744,0.7917133258678611
134,7,0.8695150115473441,0.5348837209302325,0.20828667413213886
134,147,0.3554502369668246,0.2961711711711712,0.45397620538509703
134,199,0.17247238742565846,0.050905531081742526,0.0740979381443299
135,130,0.3215284249767008,0.5489404641775985,0.47859078590785903
135,189,0.5004405286343612,0.19972451790633608,0.44083526682134566
135,190,0.15902578796561606,0.06738683127572016,0.2547408343868521
136,74,0.10095114569822743,0.06256860592755215,0.04658944658944659
136,99,0.16597998822836962,0.08043478260869566,0.30863039399624764
136,127,1.0,1.0,1.0
136,166,0.3031135531135531,0.3118140735958683,0.15957446808510636
137,0,0.06516643225503986,0.16766243465272593,0.4906040268456375
137,61,0.2691204588910134,0.17387616624257843,0.1319796954314721
137,85,0.4568497284248642,0.13496376811594202,0.3809798270893372
137,160,0.1227663798808736,0.28076190476190477,0.21911037891268537
137,165,0.2860655737704918,0.2929672809326815,0.16001877053026747
138,94,0.8811188811188811,0.7091388400702987,0.1368653421633554
139,100,1.0,1.0,1.0
139,155,0.25448430493273544,0.2224727546035325,0.48387096774193544
139,159,0.13175470552519733,0.18063993519643579,0.16460055096418733
139,194,0.06792237442922375,0.19283502874834144,0.17662203913491248
140,16,0.12300098716683118,0.08940881554209316,0.02519863791146425
140,21,0.08671679197994986,0.23376623376623382,0.11599297012302286
140,82,0.174573055028463,0.13660353927351757,0.21946440235140433
140,90,0.11044349070100143,0.12351688469729236,0.03540022547914318
140,105,0.18631608707944586,0.04451038575667657,0.17026509975403112
140,168,0.09173962695089455,0.09093840696549499,0.19600413365483982
140,195,0.1620828749541621,0.20473083197389885,0.1211376404494382
141,136,0.18079456129169322,0.24318116566178583,0.13921447666049763
141,139,0.5596816976127321,0.7334450963956411,0.6736263736263737
141,146,0.36519607843137253,0.3100147275405007,0.31669658886894075
141,151,0.20225872689938398,0.3015222482435597,0.3395565927654609
142,20,0.26626192541196875,0.235016835016835,0.28106391425168714
142,83,0.15973185390661118,0.29346661906461974,0.07376648754274549
142,106,0.25576701268742796,0.2626959247648903,0.2815600410537119
142,118,0.2913931436907367,0.4124230554001119,0.13352970054000984
142,146,0.2107843137254902,0.2496318114874816,0.1400359066427289
143,32,0.1925111925111925,0.1240530303030303,0.06282420749279538
143,96,0.08042686100989067,0.22409553916403233,0.2287903667214012
144,1,0.33320312500000004,0.20671378091872789,0.21880544056771142
144,24,0.6586151368760064,0.16851664984863776,0.29789029535864975
144,45,0.17531349889353331,0.03719298245614035,0.20391705069124422
144,57,0.3401555464592714,0.18091451292246521,0.1814002828854314
144,82,0.16951296647691333,0.2545793231915554,0.0728282168517309
144,102,0.07443116081758581,0.218936877076412,0.04010876954452753
144,103,0.35218093699515346,0.2169014084507042,0.09959349593495935
145,18,0.24176488365064977,0.2002518891687657,0.3040243490023673
145,83,0.05339805825242719,0.0467690110674759,0.2203224230581339
145,173,0.17573423206547906,0.20218181818181818,0.03256704980842911
145,197,0.07488186114140312,0.07683823529411764,0.20785907859078595
146,57,0.18911174785100288,0.2823061630218688,0.29596888260254595
146,143,0.25518394648829434,0.13477801268498943,0.3902554399243141
146,159,0.2717061323618701,0.32118266504657755,0.07300275482093664
146,199,0.2489379779099405,0.11992168379833577,0.28350515463917525
147,81,1.0,1.0,1.0
147,174,0.7511961722488038,0.6047516198704104,0.6164623467600701
147,183,0.4488188976377953,0.326530612244898,0.23298033282904687
148,54,0.42885117493472585,0.18002915451895046,0.42472375690607733
148,99,0.29134785167745736,0.34420289855072467,0.37335834896810505
148,198,0.13266509433962265,0.2506631299734748,0.3390191897654585
149,11,0.21926671459381739,0.48321048321048315,0.07219917012448132
149,18,0.2154729525536416,0.24643157010915195,0.13425769360838688
149,37,0.17446393762183238,0.32361056365786367,0.2009462844419705
149,69,0.42219087917254344,0.26380368098159507,0.35122520420070014
149,85,0.16535908267954136,0.22192028985507245,0.4564841498559078
149,101,0.3632361034672537,0.23640583554376657,0.13797634691195795
149,123,0.4781449893390192,0.4486455981941309,0.38620315046170556
149,128,0.313301282051282,0.18530020703933747,0.15585585585585587
150,56,0.08670309653916211,0.0916767189384801,0.10610328638497654
150,116,0.3044901777362021,0.4259362772498602,0.6158102766798419
150,159,0.2729204614450516,0.04536249493722154,0.07920110192837466
151,56,0.2083788706739526,0.23612786489746684,0.12206572769953053
151,196,0.17841516771998056,0.23703344643722732,0.09832437559279165
152,44,0.14207909069381955,0.25270981728089187,0.1317293233082707
152,56,0.045173041894353366,0.1972255729794934,0.18435054773082943
152,74,0.0533938607868569,0.04500548847420417,0.0761904761904762
152,90,0.10343347639484977,0.08214177061149984,0.15219842164599773
152,141,0.5254355400696864,0.5967153284671532,0.19342105263157894
153,71,1.0,1.0,1.0
153,104,0.08144519289650949,0.4455337690631808,0.4441947565543071
153,118,0.22283005105762216,0.11807498601007275,0.2577319587628866
153,189,0.2555066079295154,0.3794765840220386,0.25696055684454755
154,4,0.1854043392504931,0.07736943907156672,0.37037037037037035
154,12,1.0,1.0,1.0
154,13,0.2152093596059113,0.3093415007656968,0.08304630692690394
154,15,0.18284574468085107,0.1720637989366844,0.2839439655172413
154,87,0.3950242718446602,0.2130681818181818,0.1472336534064929
155,10,0.4642857142857143,0.2847682119205298,0.35873925501432663
155,43,0.3704918032786885,0.10492845786963434,0.4983388704318937
155,179,0.3065352697095436,0.258252427184466,0.2522455089820359
156,36,0.5107843137254902,0.4345013477088949,0.1573398215733982
156,130,0.46225535880708296,0.1493440968718466,0.2249322493224932
156,134,0.3822784810126582,0.4716981132075472,0.5806020066889631
157,4,0.6084812623274162,0.40167633784655055,0.3074074074074074
157,199,0.14528462192013594,0.29564366128242775,0.13595360824742267
158,46,0.19219984705582463,0.10239137756820477,0.2759214605580434
158,48,0.1319365798414496,0.16300578034682078,0.18122977346278318
158,49,0.19947368421052633,0.209126624357812,0.21740458015267178
158,101,0.12658227848101264,0.26624668435013266,0.3948751642575558
158,132,0.12483994878361075,0.3651859504132231,0.39285714285714285
159,20,0.2163920208152645,0.09360269360269362,0.04605001984914649
159,90,0.06609442060085836,0.09644052327350167,0.12491544532130777
159,138,0.2981510015408321,0.3787253553415864,0.39445300462249616
159,148,0.214171974522293,0.3884859474161378,0.3307952622673435
160,14,0.20335675253708044,0.16868798235942667,0.30138524897042307
160,52,0.15066469719350073,0.43736263736263736,0.5052041633306645
160,79,0.1994196781851754,0.236358414704193,0.18853197238066646
160,90,0.09341917024320458,0.05552175235777304,0.06178128523111612
160,102,0.15966062475896645,0.08471760797342194,0.0938137321549966
160,168,0.2816901408450704,0.2221863914866172,0.08921805029280057
161,40,0.4433249370277078,0.1421421421421421,0.1900121802679659
161,63,0.05397365065873353,0.21074380165289258,0.1870286576168929
161,114,0.11583011583011585,0.05828979928512509,0.3262012012012011
161,173,0.061145883485796824,0.12775757575757576,0.24680715197956574
161,186,0.39326334208223973,0.19469026548672566,0.18235995232419547
162,64,0.201310861423221,0.22125218258917434,0.20725534308211474
162,79,0.0962806647322606,0.09247558874210225,0.07024917442209547
162,137,0.4196141479099678,0.07969924812030074,0.5891748003549246
163,86,1.0,1.0,1.0
164,32,0.1277981277981278,0.06376262626262626,0.10922190201729107
164,197,0.1915667030170847,0.17205882352941176,0.21897018970189705
165,15,0.27825797872340424,0.20396326727887867,0.18857758620689652
165,25,0.1830477908025248,0.10352849941837923,0.04369490226140283
165,53,0.18197659945232758,0.15854572713643178,0.07052896725440808
165,70,0.44530321046373367,0.3595061728395062,0.3489380147377546
165,162,0.13572938689217762,0.13008130081300812,0.11535008976660681
167,44,0.15699739521667064,0.20997212759368225,0.15308270676691732
167,50,1.0,1.0,1.0
167,126,0.4541192230408574,0.14002478314745975,0.08166666666666667
167,194,0.1740867579908676,0.048651039363113664,0.07878475798146241
168,30,0.19453207150368032,0.13258785942492013,0.08817498291182503
168,163,0.09441151566469096,0.300048473097431,0.10503519220357338
168,183,0.17141126589945488,0.12007593735168487,0.1951588502269289
168,195,0.28822882288228824,0.08482871125611745,0.20189606741573032
169,31,0.30145118733509235,0.3637566137566138,0.31530705774518786
169,33,0.5644891122278057,0.2947867298578199,0.5282451923076923
169,36,0.3872549019607843,0.32614555256064687,0.21816707218167072
169,121,0.3350174893120871,0.46253021756647855,0.1813550687722873
169,168,0.10392082223068139,0.18832634633989034,0.1295211849810541
170,15,0.253656914893617,0.2692121797970034,0.36853448275862066
170,22,0.2546052631578947,0.261378002528445,0.2854944209311273
170,51,0.10416666666666667,0.29545454545454547,0.17457886676875958
170,60,0.1200519143413368,0.25025125628140704,0.26936026936026936
170,121,0.14341235911387484,0.09024979854955681,0.10137544574630668
171,110,1.0,1.0,1.0
171,155,0.27746636771300454,0.11574596016535137,0.20293255131964807
172,70,0.09631391200951249,0.3219753086419753,0.3250975292587776
172,75,0.06317774634606318,0.1254165404422902,0.09909429941395846
173,32,0.1562881562881563,0.2013888888888889,0.23458213256484148
173,55,0.444844989185292,0.4869240348692404,0.3861788617886179
173,111,0.37390797903319745,0.3568904593639576,0.3610993657505285
173,194,0.4714611872146119,0.3737284387439186,0.3903192584963955
173,195,0.26475980931426474,0.07218597063621533,0.23876404494382025
174,13,0.23922413793103448,0.18223583460949463,0.3207041714504401
174,28,0.4665676077265973,0.1943250214961307,0.38333333333333336
174,70,0.4583828775267539,0.31851851851851853,0.32596445600346763
174,82,0.11132194813409232,0.1896926420366346,0.2713912475506205
174,131,1.0,1.0,1.0
174,149,0.0851063829787234,0.36607892527287994,0.10588235294117648
175,42,0.1735677821894498,0.08586810228802155,0.1688408497950056
175,47,0.3568985176738883,0.4112030553787397,0.07504215851602024
175,136,0.1861057998725303,0.08010335917312664,0.15052436767427513
175,162,0.18942917547568713,0.14607046070460705,0.09335727109515259
175,177,0.24904998538439058,0.23628007569613407,0.22158577027434428
175,195,0.061239457279061243,0.32300163132137033,0.18679775280898878
176,59,0.34701781564678547,0.7284060552092608,0.48391512662559893
177,51,0.428125,0.1677807486631016,0.4180704441041348
177,78,0.47955607476635514,0.20470053070507963,0.5034535686876439
177,114,0.09652509652509654,0.1182293098707726,0.16291291291291288
178,16,0.14037512339585387,0.03488614998955505,0.024517593643586837
178,118,0.21115973741794308,0.10744264129826525,0.18507609229258715
178,125,0.1388817315124968,0.06134259259259258,0.1631205673758865
178,146,0.061764705882352944,0.15574374079528716,0.06032315978456015
179,44,0.14586786644565475,0.20284917931248064,0.16030075187969928
179,46,0.21718072903390262,0.04008083529808015,0.04202549087151223
179,60,0.1693705386112914,0.39798994974874374,0.43546576879910215
179,123,0.44776119402985076,0.22686230248306996,0.1569799022270505
179,142,0.08553000560852496,0.026221995926680244,0.2786006933501418
179,145,0.28247673006879803,0.1766648321408916,0.40843507214206437
180,5,0.2156505914467698,0.248070877393541,0.09627479438800193
180,41,0.26741440377804016,0.11221374045801526,0.25
180,61,0.23804971319311669,0.28413910093299405,0.3331795108444855
180,87,0.22390776699029127,0.21732954545454544,0.1033379058070416
180,109,0.385,0.22265625,0.4248466257668712
180,142,0.23471676948962422,0.20061099796334014,0.20768988339111252
180,148,0.23566878980891717,0.31504986400725293,0.3079526226734349
181,40,0.4517212426532326,0.6766766766766766,0.17783191230207065
181,41,0.5188902007083825,0.20305343511450383,0.49614197530864196
182,11,0.13156002875629044,0.1850941850941851,0.34937759336099583
182,46,0.17894468518990567,0.13843044796227683,0.2183947640372029
182,54,0.21279373368146215,0.5364431486880467,0.07458563535911603
182,95,0.17124105011933174,0.386046511627907,0.41190914671577655
182,165,0.18811475409836068,0.3384731101918015,0.1407789770061004
183,147,0.26682464454976296,0.2939189189189189,0.15216030056355667
184,5,0.1651501364877161,0.12489282652186338,0.1761006289308176
184,45,0.11138431276124908,0.1929824561403509,0.08093317972350231
184,74,0.18914829226113275,0.09796926454445663,0.0380952380952381
184,82,0.2839974699557242,0.0614715926730829,0.19497060744611366
184,98,0.20915492957746482,0.2116585704371964,0.13906056860321384
184,142,0.1696578799775659,0.2235234215885947,0.09706901985502679
185,66,0.3623417721518987,0.48596491228070177,0.5863723608445297
185,136,0.0473762481410665,0.039046798736721226,0.022619782027555005
185,162,0.21564482029598311,0.16178861788617885,0.07405745062836624
186,19,0.39842983316977426,0.29277424185698236,0.39360730593607307
186,157,0.642789820923657,0.3789954337899543,0.7634584013050572
186,197,0.15412577244638315,0.2536764705882353,0.13604336043360435
187,5,0.31392174704276615,0.22777936553300943,0.41267537493952583
187,45,0.18588640275387264,0.1824561403508772,0.23732718894009217
187,90,0.08741058655221745,0.1064800730149072,0.04284103720405862
187,106,0.20357554786620533,0.2316614420062696,0.21142661648990763
187,108,1.0,1.0,1.0
187,121,0.2957636999611349,0.0975020145044319,0.36118186449312273
188,63,0.15639609009774755,0.19083395942900075,0.16189039718451484
188,118,0.27461706783369805,0.3620593172915501,0.42366224840451644
189,53,0.2091112770724421,0.2200149925037481,0.16414777497900926
189,153,0.2431704501731435,0.3187679083094556,0.11443066516347239
189,185,0.25501882057716435,0.33482871125611746,0.23479118710950345
189,190,0.16905444126074498,0.13323045267489714,0.21965865992414663
189,198,0.21373820754716982,0.04343501326259947,0.06865671641791046
190,177,0.19146448406898572,0.14787780481211138,0.2610792885137172
191,46,0.16619933724190672,0.1222633883462445,0.059593523940750945
191,145,0.1104815864022663,0.25206384149697303,0.07436182019977802
191,177,0.047646886875182703,0.23087320897539873,0.14742236961109434
191,179,0.28163900414937765,0.07378640776699029,0.23952095808383234
191,180,0.3785310734463277,0.21475461081588,0.1608084358523726
192,49,0.23289473684210527,0.18223028105167724,0.09648854961832062
193,40,0.10495382031905962,0.18118118118118115,0.6321559074299635
193,129,0.08991554893194238,0.0643985419198056,0.0708539603960396
193,198,0.2237617924528302,0.2602785145888594,0.10575692963752666
194,18,0.2659413720157147,0.0675902602854744,0.061210686506594524
194,37,0.16885964912280704,0.09578242018131654,0.19955468967436682
194,177,0.03449283835135926,0.145985401459854,0.1519445281881218
195,112,0.2897998093422307,0.27574226152874287,0.31243124312431236
196,20,0.07372072853425846,0.1750841750841751,0.16633584755855496
196,32,0.08180708180708182,0.041351010101010104,0.0547550432276657
196,128,0.3253205128205128,0.38095238095238093,0.46666666666666673
196,165,0.3463114754098361,0.26776983828506956,0.4124824026278742
196,171,0.44816326530612244,0.18918918918918917,0.3717647058823529
197,90,0.11359084406294707,0.08929114694250075,0.07147688838782412
197,95,0.35143198090692124,0.4111627906976744,0.12338858195211787
197,144,0.2577391304347826,0.4420871559633027,0.47026431718061673
197,173,0.14516129032258066,0.21503030303030304,0.07567049808429117
198,166,0.1465201465201465,0.34990316333118143,0.4521276595744681
199,47,0.09122006841505133,0.1043921069382559,0.3718381112984823
199,75,0.39226779820839225,0.24992426537412904,0.06712839637719767
199,129,0.10730253353204174,0.12515188335358446,0.24443069306930693
199,153,0.15929203539823006,0.14756446991404013,0.13472378804960541
199,166,0.5503663003663003,0.3382827630729503,0.3882978723404255
200,29,1.0,1.0,1.0
200,122,0.10207423580786026,0.19535628502802244,0.3118971061093247
200,144,0.2608695652173913,0.15997706422018348,0.2461453744493392
